{"_default": {"1": {"month": 12, "day": 29, "weekday": 5, "hour": 3, "download_speed": 40530193.99271766}, "2": {"month": 12, "day": 29, "weekday": 5, "hour": 3, "download_speed": 38878244.82981394}, "3": {"month": 12, "day": 29, "weekday": 5, "hour": 3, "download_speed": 38947481.741045915}, "4": {"month": 12, "day": 29, "weekday": 5, "hour": 3, "download_speed": 38346071.790628426}}}